algorithm,route_type,time mean,time std.,energy used mean,energy used std.,co2 mean,co2 std.
DQN,per-car,16.96759259259259,5.550231167716276,0.6095355700231483,0.20770652664479303,0.30558141596003335,0.10403654726966646
CMA,per-car,5.3,0.27537852736430507,0.192734375,0.024260470878893197,0.09756328084051091,0.011984689543544478
DQN,per-zone,20.55462962962963,8.941896587120652,0.8213147858796295,0.49969184881915685,0.4115985434355167,0.24999163473702976
CMA,per-zone,5.566666666666666,0.5185449728701349,0.2317425,0.0247118893133953,0.11704012582130263,0.012404079967580809
