model,season,avg_reward,std_reward
REINFORCE,autumn,-63.706253612782646,0.7398606869216365
REINFORCE,summer,-63.017090392345885,0.6620706342916346
