Average Reward,Episode Num
-476.11478933333325,0
-457.8001651666666,1
-434.98771933333325,2
-410.8293559166666,3
-395.008743,4
-384.9369846388889,5
