Average Reward,Episode Num
-188.9,0
-189.4,1
-187.13333333333333,2
-186.725,3
-186.01999999999998,4
-185.38333333333333,5
-184.92857142857142,6
-183.4,7
-182.7888888888889,8
