Average Reward,Episode Num
-30.4,0
-29.799999999999997,1
-30.03333333333333,2
-29.875,3
-29.68,4
-29.599999999999998,5
-29.828571428571426,6
-29.999999999999996,7
-30.011111111111106,8
