Average Reward,Episode Num
-1905.8,0
-1915.6999999999998,1
-1891.9666666666665,2
-1852.4499999999998,3
-1824.58,4
-1800.8666666666666,5
-1786.9428571428568,6
-1776.4999999999998,7
-1770.622222222222,8
