Average Reward,Episode Num
-221.67200000000005,0
-220.7820000000001,1
-222.66666666666674,2
-221.82100000000003,3
-221.9424,4
-222.24733333333333,5
-222.36514285714284,6
-222.8075,7
-222.99511111111113,8
