Average Reward,Episode Num
-447.69299750000005,0
-453.9308904166666,1
-428.14653733333324,2
-405.35439162499995,3
-390.11578339999994,4
-399.71198575,5
-408.3486711190476,6
